PRAGMA foreign_keys=OFF;
BEGIN TRANSACTION;
CREATE TABLE IF NOT EXISTS "migrations" ("id" integer primary key autoincrement not null, "migration" varchar not null, "batch" integer not null);
INSERT INTO migrations VALUES(1,'0001_01_01_000000_create_users_table',1);
INSERT INTO migrations VALUES(2,'0001_01_01_000001_create_cache_table',1);
INSERT INTO migrations VALUES(3,'0001_01_01_000002_create_jobs_table',1);
INSERT INTO migrations VALUES(4,'2026_02_05_064818_create_user_profile',1);
INSERT INTO migrations VALUES(5,'2026_03_11_070425_add_primary_image_to_user_profile',1);
INSERT INTO migrations VALUES(6,'2026_03_11_160234_create_edit_user_profiles_table',2);
CREATE TABLE IF NOT EXISTS "users" ("id" integer primary key autoincrement not null, "name" varchar not null, "email" varchar, "phone_number" varchar not null, "username" varchar, "email_verified_at" datetime, "password" varchar, "remember_token" varchar, "created_at" datetime, "updated_at" datetime, "role" varchar check ("role" in ('superadmin', 'admin', 'user')) not null default 'user', "verification_step" varchar check ("verification_step" in ('unverified', 'step1_complete', 'step2_pending', 'approved')) not null default 'unverified', "profile_picture" varchar);
INSERT INTO users VALUES(1,'Juwan Rempel','dwilkinson@example.net','234.993.5617',NULL,'2026-03-11 15:15:28','$2y$12$ROeYnqPjk1BUC4wbRr8X7uwNtHpvzC7EJ1XngpPAkAhZqlWNYXEAS','g2IfdReFGp','2026-03-11 15:15:28','2026-03-11 15:15:28','user','approved',NULL);
INSERT INTO users VALUES(2,'Derick Braun','bednar.john@example.net','(513) 540-1998',NULL,'2026-03-11 15:15:28','$2y$12$ROeYnqPjk1BUC4wbRr8X7uwNtHpvzC7EJ1XngpPAkAhZqlWNYXEAS','xxU4NbKGFQ','2026-03-11 15:15:28','2026-03-11 15:15:28','user','approved',NULL);
INSERT INTO users VALUES(3,'Lemuel Mertz','jabari20@example.com','346.899.7718',NULL,'2026-03-11 15:15:28','$2y$12$ROeYnqPjk1BUC4wbRr8X7uwNtHpvzC7EJ1XngpPAkAhZqlWNYXEAS','Yy9m4u0xhB','2026-03-11 15:15:28','2026-03-11 15:15:28','user','approved',NULL);
INSERT INTO users VALUES(4,'Juliet Bergstrom','rickey53@example.net','+1-763-249-9272',NULL,'2026-03-11 15:15:28','$2y$12$ROeYnqPjk1BUC4wbRr8X7uwNtHpvzC7EJ1XngpPAkAhZqlWNYXEAS','xiRoMzP6ZF','2026-03-11 15:15:28','2026-03-11 15:15:28','user','approved',NULL);
INSERT INTO users VALUES(5,'Velma Morar','agottlieb@example.com','+1-970-945-7683',NULL,'2026-03-11 15:15:28','$2y$12$ROeYnqPjk1BUC4wbRr8X7uwNtHpvzC7EJ1XngpPAkAhZqlWNYXEAS','hB6t1QDK4b','2026-03-11 15:15:28','2026-03-11 15:15:28','user','approved',NULL);
INSERT INTO users VALUES(6,'Louvenia Hill','rubye96@example.com','631.725.1625',NULL,'2026-03-11 15:15:28','$2y$12$ROeYnqPjk1BUC4wbRr8X7uwNtHpvzC7EJ1XngpPAkAhZqlWNYXEAS','sEThX5IPDB','2026-03-11 15:15:28','2026-03-11 15:15:28','user','approved',NULL);
INSERT INTO users VALUES(7,'Dr. Dorcas Bayer','hoppe.dortha@example.com','(724) 279-9403',NULL,'2026-03-11 15:15:28','$2y$12$ROeYnqPjk1BUC4wbRr8X7uwNtHpvzC7EJ1XngpPAkAhZqlWNYXEAS','YgZBMUBqGX','2026-03-11 15:15:28','2026-03-11 15:15:28','user','approved',NULL);
INSERT INTO users VALUES(8,'Ms. Sadye Gerhold','thayes@example.com','1-205-286-9805',NULL,'2026-03-11 15:15:28','$2y$12$ROeYnqPjk1BUC4wbRr8X7uwNtHpvzC7EJ1XngpPAkAhZqlWNYXEAS','FsfEQTvePZ','2026-03-11 15:15:28','2026-03-11 15:15:28','user','approved',NULL);
INSERT INTO users VALUES(9,'Henderson Schumm','alta.beahan@example.net','609.514.1153',NULL,'2026-03-11 15:15:28','$2y$12$ROeYnqPjk1BUC4wbRr8X7uwNtHpvzC7EJ1XngpPAkAhZqlWNYXEAS','JWLXOGt5jY','2026-03-11 15:15:28','2026-03-11 15:15:28','user','approved',NULL);
INSERT INTO users VALUES(10,'Clara Runolfsson','saul.gibson@example.net','608.441.7176',NULL,'2026-03-11 15:15:28','$2y$12$ROeYnqPjk1BUC4wbRr8X7uwNtHpvzC7EJ1XngpPAkAhZqlWNYXEAS','L8Awy0g53o','2026-03-11 15:15:28','2026-03-11 15:15:28','user','approved',NULL);
INSERT INTO users VALUES(11,'tester','test@example.com','9876543210','tester','2026-03-11 15:15:29','$2y$12$6HSP/ho1bH9WunAjBPLJauggANgDP2lu3mE.rQ5rv8g0aGsx4Z8ky','pU2REzcw5Z','2026-03-11 15:15:29','2026-03-11 15:15:29','user','approved',NULL);
INSERT INTO users VALUES(12,'admin','admin@admin.com','9999999999','admin','2026-03-11 15:15:29','$2y$12$aWtMN4UZDwKm4jwXb6/iberkP4W8SyVvRsyrCsak42mvQ1JJkXyqu','0XdeataS08f8vIJS8ilge9mc4uZ1WDCEmO9NX3TSf52aXiWjg998BV1DXOmh','2026-03-11 15:15:29','2026-03-11 15:15:29','admin','approved',NULL);
INSERT INTO users VALUES(13,'John Flow',NULL,'7845127845',NULL,NULL,'$2y$12$B36IgxaWKkvwzESVUyA8.OIvkeJLLGsF9e/BVEnGYNIhZQiaLnTwa','zf52ejpMGSPqa0UCmVXbxdtjmejW6wTHHhQ5nmgwvWTwIivDbo4FEZBES5CY','2026-03-11 15:18:56','2026-03-11 15:21:26','user','approved',NULL);
INSERT INTO users VALUES(14,'John Bro',NULL,'789789789',NULL,NULL,'$2y$12$vJnd/MfCRg3TSrESEUxqROJrcRVrS37o1G/pQmLSXR2LJTT2J6Abe','Gd8rczBrZU0MI7P8tEnwJ9B1OUwjjg3XpLj8lHi40lOhnBJ4ipDgF8lBNyzh','2026-03-13 14:05:41','2026-03-13 14:10:37','user','approved',NULL);
INSERT INTO users VALUES(15,'Jone','qwerty@gmail.com','456456456',NULL,NULL,'$2y$12$13SSTEd4VSi4BYrKujvM/Oxa1SUYZPn4MnyoTeCrV2R8WeozOAoQK',NULL,'2026-03-13 17:39:51','2026-03-13 17:42:23','user','approved',NULL);
INSERT INTO users VALUES(16,'Test Account',NULL,'9639639639',NULL,NULL,'$2y$12$amseCC62sHHtH4EXCeGKA.Yfxqt68RTahA9ZLflVr0wUqTWA6U7TK','lCapB2KyVw56w8qP2TA5wTsEH6vd11wiqyZATSp3PyYdQsvc2PEnleA3SZpp','2026-03-15 08:04:34','2026-03-15 08:06:45','user','approved',NULL);
CREATE TABLE IF NOT EXISTS "password_reset_tokens" ("email" varchar not null, "token" varchar not null, "created_at" datetime, primary key ("email"));
CREATE TABLE IF NOT EXISTS "sessions" ("id" varchar not null, "user_id" integer, "ip_address" varchar, "user_agent" text, "payload" text not null, "last_activity" integer not null, primary key ("id"));
INSERT INTO sessions VALUES('CngoN1Jcpo339wWhnPEwnhdo7VIN7bvhWYyEGqrI',12,'127.0.0.1','Mozilla/5.0 (X11; Linux x86_64; rv:148.0) Gecko/20100101 Firefox/148.0','YTo1OntzOjY6Il90b2tlbiI7czo0MDoiQ0VHSVFUODgzejk0cmVNN2NaUmpQQ2xuZ29yd0JMTGd2MHZid1kxSSI7czozOiJ1cmwiO2E6MDp7fXM6OToiX3ByZXZpb3VzIjthOjI6e3M6MzoidXJsIjtzOjMyOiJodHRwOi8vbG9jYWxob3N0OjgwMDAvcHJvZmlsZS8xNiI7czo1OiJyb3V0ZSI7czoxMjoicHJvZmlsZS5zaG93Ijt9czo2OiJfZmxhc2giO2E6Mjp7czozOiJvbGQiO2E6MDp7fXM6MzoibmV3IjthOjA6e319czo1MDoibG9naW5fd2ViXzU5YmEzNmFkZGMyYjJmOTQwMTU4MGYwMTRjN2Y1OGVhNGUzMDk4OWQiO2k6MTI7fQ==',1773633343);
INSERT INTO sessions VALUES('agc5bNsWel8LZmIw6QT0ySHpJ0yGb64DgeJVJakt',NULL,'127.0.0.1','Mozilla/5.0 (X11; Linux x86_64) AppleWebKit/537.36 (KHTML, like Gecko) Chrome/145.0.0.0 Safari/537.36','YTozOntzOjY6Il90b2tlbiI7czo0MDoicWQwRDlGaW5kMGt2ZjBTS0hEck5YRzN2N2licWZwa0pRT0NvUnFtSiI7czo2OiJfZmxhc2giO2E6Mjp7czozOiJvbGQiO2E6MDp7fXM6MzoibmV3IjthOjA6e319czo5OiJfcHJldmlvdXMiO2E6Mjp7czozOiJ1cmwiO3M6MzA6Imh0dHA6Ly9sb2NhbGhvc3Q6ODAwMC9yZWdpc3RlciI7czo1OiJyb3V0ZSI7czo4OiJyZWdpc3RlciI7fX0=',1773637105);
INSERT INTO sessions VALUES('8v8G6RzApGsYdwBEwNu2GlEADNf2PU8eLomkVtPU',NULL,'127.0.0.1','Mozilla/5.0 (X11; Linux x86_64; rv:148.0) Gecko/20100101 Firefox/148.0','YTozOntzOjY6Il90b2tlbiI7czo0MDoiZkNmRlZlZlBhS3cwMzFIOEQzaDljTm55VXp4dEE2MFRuUFBVMHNQdyI7czo5OiJfcHJldmlvdXMiO2E6Mjp7czozOiJ1cmwiO3M6Mjc6Imh0dHA6Ly9sb2NhbGhvc3Q6ODAwMS9sb2dpbiI7czo1OiJyb3V0ZSI7czo1OiJsb2dpbiI7fXM6NjoiX2ZsYXNoIjthOjI6e3M6Mzoib2xkIjthOjA6e31zOjM6Im5ldyI7YTowOnt9fX0=',1773835167);
CREATE TABLE IF NOT EXISTS "cache" ("key" varchar not null, "value" text not null, "expiration" integer not null, primary key ("key"));
INSERT INTO cache VALUES('laravel-cache-boost.roster.scan','YToyOntzOjY6InJvc3RlciI7TzoyMToiTGFyYXZlbFxSb3N0ZXJcUm9zdGVyIjozOntzOjEzOiIAKgBhcHByb2FjaGVzIjtPOjI5OiJJbGx1bWluYXRlXFN1cHBvcnRcQ29sbGVjdGlvbiI6Mjp7czo4OiIAKgBpdGVtcyI7YTowOnt9czoyODoiACoAZXNjYXBlV2hlbkNhc3RpbmdUb1N0cmluZyI7YjowO31zOjExOiIAKgBwYWNrYWdlcyI7TzozMjoiTGFyYXZlbFxSb3N0ZXJcUGFja2FnZUNvbGxlY3Rpb24iOjI6e3M6ODoiACoAaXRlbXMiO2E6OTp7aTowO086MjI6IkxhcmF2ZWxcUm9zdGVyXFBhY2thZ2UiOjY6e3M6OToiACoAZGlyZWN0IjtiOjE7czoxMzoiACoAY29uc3RyYWludCI7czo1OiJeMTIuMCI7czoxMDoiACoAcGFja2FnZSI7RTozNzoiTGFyYXZlbFxSb3N0ZXJcRW51bXNcUGFja2FnZXM6TEFSQVZFTCI7czoxNDoiACoAcGFja2FnZU5hbWUiO3M6MTc6ImxhcmF2ZWwvZnJhbWV3b3JrIjtzOjEwOiIAKgB2ZXJzaW9uIjtzOjc6IjEyLjUwLjAiO3M6NjoiACoAZGV2IjtiOjA7fWk6MTtPOjIyOiJMYXJhdmVsXFJvc3RlclxQYWNrYWdlIjo2OntzOjk6IgAqAGRpcmVjdCI7YjowO3M6MTM6IgAqAGNvbnN0cmFpbnQiO3M6NzoidjAuMy4xMiI7czoxMDoiACoAcGFja2FnZSI7RTozNzoiTGFyYXZlbFxSb3N0ZXJcRW51bXNcUGFja2FnZXM6UFJPTVBUUyI7czoxNDoiACoAcGFja2FnZU5hbWUiO3M6MTU6ImxhcmF2ZWwvcHJvbXB0cyI7czoxMDoiACoAdmVyc2lvbiI7czo2OiIwLjMuMTIiO3M6NjoiACoAZGV2IjtiOjA7fWk6MjtPOjIyOiJMYXJhdmVsXFJvc3RlclxQYWNrYWdlIjo2OntzOjk6IgAqAGRpcmVjdCI7YjowO3M6MTM6IgAqAGNvbnN0cmFpbnQiO3M6NjoidjAuNS40IjtzOjEwOiIAKgBwYWNrYWdlIjtFOjMzOiJMYXJhdmVsXFJvc3RlclxFbnVtc1xQYWNrYWdlczpNQ1AiO3M6MTQ6IgAqAHBhY2thZ2VOYW1lIjtzOjExOiJsYXJhdmVsL21jcCI7czoxMDoiACoAdmVyc2lvbiI7czo1OiIwLjUuNCI7czo2OiIAKgBkZXYiO2I6MTt9aTozO086MjI6IkxhcmF2ZWxcUm9zdGVyXFBhY2thZ2UiOjY6e3M6OToiACoAZGlyZWN0IjtiOjE7czoxMzoiACoAY29uc3RyYWludCI7czo1OiJeMS4yNCI7czoxMDoiACoAcGFja2FnZSI7RTozNDoiTGFyYXZlbFxSb3N0ZXJcRW51bXNcUGFja2FnZXM6UElOVCI7czoxNDoiACoAcGFja2FnZU5hbWUiO3M6MTI6ImxhcmF2ZWwvcGludCI7czoxMDoiACoAdmVyc2lvbiI7czo2OiIxLjI3LjAiO3M6NjoiACoAZGV2IjtiOjE7fWk6NDtPOjIyOiJMYXJhdmVsXFJvc3RlclxQYWNrYWdlIjo2OntzOjk6IgAqAGRpcmVjdCI7YjoxO3M6MTM6IgAqAGNvbnN0cmFpbnQiO3M6NToiXjEuNDEiO3M6MTA6IgAqAHBhY2thZ2UiO0U6MzQ6IkxhcmF2ZWxcUm9zdGVyXEVudW1zXFBhY2thZ2VzOlNBSUwiO3M6MTQ6IgAqAHBhY2thZ2VOYW1lIjtzOjEyOiJsYXJhdmVsL3NhaWwiO3M6MTA6IgAqAHZlcnNpb24iO3M6NjoiMS41Mi4wIjtzOjY6IgAqAGRldiI7YjoxO31pOjU7TzoyMjoiTGFyYXZlbFxSb3N0ZXJcUGFja2FnZSI6Njp7czo5OiIAKgBkaXJlY3QiO2I6MTtzOjEzOiIAKgBjb25zdHJhaW50IjtzOjQ6Il40LjMiO3M6MTA6IgAqAHBhY2thZ2UiO0U6MzQ6IkxhcmF2ZWxcUm9zdGVyXEVudW1zXFBhY2thZ2VzOlBFU1QiO3M6MTQ6IgAqAHBhY2thZ2VOYW1lIjtzOjEyOiJwZXN0cGhwL3Blc3QiO3M6MTA6IgAqAHZlcnNpb24iO3M6NToiNC4zLjIiO3M6NjoiACoAZGV2IjtiOjE7fWk6NjtPOjIyOiJMYXJhdmVsXFJvc3RlclxQYWNrYWdlIjo2OntzOjk6IgAqAGRpcmVjdCI7YjowO3M6MTM6IgAqAGNvbnN0cmFpbnQiO3M6NjoiMTIuNS44IjtzOjEwOiIAKgBwYWNrYWdlIjtFOjM3OiJMYXJhdmVsXFJvc3RlclxFbnVtc1xQYWNrYWdlczpQSFBVTklUIjtzOjE0OiIAKgBwYWNrYWdlTmFtZSI7czoxNToicGhwdW5pdC9waHB1bml0IjtzOjEwOiIAKgB2ZXJzaW9uIjtzOjY6IjEyLjUuOCI7czo2OiIAKgBkZXYiO2I6MTt9aTo3O086MjI6IkxhcmF2ZWxcUm9zdGVyXFBhY2thZ2UiOjY6e3M6OToiACoAZGlyZWN0IjtiOjA7czoxMzoiACoAY29uc3RyYWludCI7czowOiIiO3M6MTA6IgAqAHBhY2thZ2UiO0U6Mzg6IkxhcmF2ZWxcUm9zdGVyXEVudW1zXFBhY2thZ2VzOkFMUElORUpTIjtzOjE0OiIAKgBwYWNrYWdlTmFtZSI7czo4OiJhbHBpbmVqcyI7czoxMDoiACoAdmVyc2lvbiI7czo2OiIzLjE1LjgiO3M6NjoiACoAZGV2IjtiOjA7fWk6ODtPOjIyOiJMYXJhdmVsXFJvc3RlclxQYWNrYWdlIjo2OntzOjk6IgAqAGRpcmVjdCI7YjowO3M6MTM6IgAqAGNvbnN0cmFpbnQiO3M6MDoiIjtzOjEwOiIAKgBwYWNrYWdlIjtFOjQxOiJMYXJhdmVsXFJvc3RlclxFbnVtc1xQYWNrYWdlczpUQUlMV0lORENTUyI7czoxNDoiACoAcGFja2FnZU5hbWUiO3M6MTE6InRhaWx3aW5kY3NzIjtzOjEwOiIAKgB2ZXJzaW9uIjtzOjY6IjQuMS4xOCI7czo2OiIAKgBkZXYiO2I6MTt9fXM6Mjg6IgAqAGVzY2FwZVdoZW5DYXN0aW5nVG9TdHJpbmciO2I6MDt9czoyMToiACoAbm9kZVBhY2thZ2VNYW5hZ2VyIjtFOjQzOiJMYXJhdmVsXFJvc3RlclxFbnVtc1xOb2RlUGFja2FnZU1hbmFnZXI6TlBNIjt9czo5OiJ0aW1lc3RhbXAiO2k6MTc3MzQ5NDk1Mzt9',1773581353);
CREATE TABLE IF NOT EXISTS "cache_locks" ("key" varchar not null, "owner" varchar not null, "expiration" integer not null, primary key ("key"));
CREATE TABLE IF NOT EXISTS "jobs" ("id" integer primary key autoincrement not null, "queue" varchar not null, "payload" text not null, "attempts" integer not null, "reserved_at" integer, "available_at" integer not null, "created_at" integer not null);
CREATE TABLE IF NOT EXISTS "job_batches" ("id" varchar not null, "name" varchar not null, "total_jobs" integer not null, "pending_jobs" integer not null, "failed_jobs" integer not null, "failed_job_ids" text not null, "options" text, "cancelled_at" integer, "created_at" integer not null, "finished_at" integer, primary key ("id"));
CREATE TABLE IF NOT EXISTS "failed_jobs" ("id" integer primary key autoincrement not null, "uuid" varchar not null, "connection" text not null, "queue" text not null, "payload" text not null, "exception" text not null, "failed_at" datetime not null default CURRENT_TIMESTAMP);
CREATE TABLE IF NOT EXISTS "user_profile" ("id" integer primary key autoincrement not null, "user_id" integer not null, "full_name" varchar, "navras_naav" varchar, "gender" varchar, "education" varchar, "occupation" varchar, "annual_income" numeric, "date_of_birth" date, "day_and_time_of_birth" varchar, "place_of_birth" varchar, "jaath" varchar, "height_cm__Oonchi" varchar, "skin_complexion__Rang" varchar, "zodiac_sign__Raas" varchar, "naadi" varchar, "gann" varchar, "devak" varchar, "kul_devata" varchar, "fathers_name" varchar, "mothers_name" varchar, "marital_status" varchar, "siblings" varchar, "uncles" varchar, "aunts" varchar, "mumbai_address" text, "village_address" text, "village_farm" varchar, "naathe_relationships" text, "weight_kg" numeric, "created_at" datetime, "updated_at" datetime, "primary_image" integer not null default '1', foreign key("user_id") references "users"("id") on delete cascade);
INSERT INTO user_profile VALUES(1,1,'Mrs. Herminia Goldner MD','Douglas','female','sed','Vice President Of Marketing',1369686.810000000055,'1998-07-08 00:00:00','Sunday 01:00:44','North Rhiannonberg','sapiente','147','ut','aliquam','ut','officia','id','voluptas','Bertha Bauch','Violet Marquardt','divorced','Consequuntur est deserunt et dolor ut cum.','Natus nam quia quia expedita ducimus illum voluptate perferendis.','Facere iste cupiditate rerum omnis dolores architecto facilis aliquid.',unistr('91607 Ibrahim Mountains\u000aLabadiefurt, NY 17949-9772'),unistr('723 Schamberger Pike Apt. 891\u000aJavonmouth, GA 61223'),'quisquam','Quo occaecati iusto praesentium eum. Repudiandae numquam enim vitae et commodi iste. Et non sit asperiores id.',NULL,'2026-03-11 15:15:28','2026-03-11 15:15:28',1);
INSERT INTO user_profile VALUES(2,2,'Yesenia Rath','Michelle','other','repudiandae','Textile Dyeing Machine Operator',1915774.280000000027,'2005-01-02 00:00:00','Friday 16:04:49','Lake Mikestad','illo','167','voluptas','sint','corrupti','quos','voluptatem','tenetur','Milford Gleichner','Cathryn Keebler PhD','divorced','Corporis perferendis incidunt occaecati suscipit.','Quia molestiae est beatae ipsa sequi aut minima.','Blanditiis voluptatem non odio consequatur repellendus.',unistr('46597 Hermann Locks\u000aConroyshire, MI 64814-8089'),unistr('731 Keegan Hill Suite 581\u000aAlbertobury, ID 53369-6220'),'qui','Recusandae voluptatem voluptate animi atque. Non hic eum rerum eum ipsam aut placeat. Numquam itaque cumque fugiat veniam sequi tenetur quo.',NULL,'2026-03-11 15:15:28','2026-03-11 15:15:28',1);
INSERT INTO user_profile VALUES(3,3,'Barrett Reichel','Wayne','female','dignissimos','Bindery Worker',1388071.810000000055,'1987-05-02 00:00:00','Monday 21:19:48','West Reganchester','qui','157','facere','id','voluptatem','facere','aut','iure','Mr. Orland Rutherford','Haylie Roberts','single','Amet repellendus minima laboriosam dolores.','Vitae voluptas dolor non illum eos ipsum sapiente.','Modi optio quia vel quisquam nisi.',unistr('99750 Cummerata Garden\u000aThieltown, WI 85874-2916'),unistr('777 Payton Haven\u000aMabellemouth, MS 41738-8854'),'mollitia','Neque earum et optio quo aliquam assumenda numquam. Eum dolor fugit quia eos amet aliquid id est. Molestiae ipsum eligendi at.',NULL,'2026-03-11 15:15:28','2026-03-11 15:15:28',1);
INSERT INTO user_profile VALUES(4,4,'Prof. Nasir Powlowski','Remington','male','ea','Petroleum Pump System Operator',3678282.549999999814,'2000-11-23 00:00:00','Monday 11:16:03','Montyland','repudiandae','147','voluptatem','dolorem','nesciunt','eveniet','delectus','eligendi','Mr. Cyril Eichmann Sr.','Ms. Amiya Torphy','married','Nihil dolorum atque et asperiores id illum.','Laborum deserunt magni sunt ut.','Cum necessitatibus praesentium qui voluptas.',unistr('5601 Alberta Coves Suite 649\u000aNew Janice, NM 69053-6607'),unistr('573 Lavonne Station\u000aNorth Mose, AL 00347'),'nam','Quam vero provident accusantium omnis saepe illum fugit. Dolores non numquam recusandae assumenda placeat ipsam. Eos quo molestiae ipsa quae. Amet quaerat rerum quis aperiam consequatur consectetur.',NULL,'2026-03-11 15:15:28','2026-03-11 15:15:28',1);
INSERT INTO user_profile VALUES(5,5,'Mrs. Aileen Hermann','Odell','female','quisquam','Precision Aircraft Systems Assemblers',4248852.530000000261,'2005-10-13 00:00:00','Wednesday 14:09:51','West Bradley','minima','176','officiis','maxime','sunt','ut','ullam','vero','Kennedy Hickle V','Danika Jacobs','married','Omnis non ad voluptatibus ex.','Dolorum repellat voluptatum provident quis voluptatibus maiores et est.','Excepturi qui atque facere pariatur quia nesciunt.',unistr('90448 Aletha Path Apt. 421\u000aRoelton, MT 31163'),unistr('4720 Shields Extensions\u000aPort Emmiehaven, CT 91261'),'corrupti','Rerum quam facilis ab ratione nisi quis. Voluptatum labore ex qui a eos neque.',NULL,'2026-03-11 15:15:28','2026-03-11 15:15:28',1);
INSERT INTO user_profile VALUES(6,6,'Nelle Herzog','Jonas','other','impedit','Corporate Trainer',2819612.080000000074,'1994-01-08 00:00:00','Thursday 11:39:56','New Willy','iste','166','magni','voluptas','explicabo','sunt','dicta','incidunt','Cordelia Raynor','Clementina Roob','married','Eligendi sed aut aut ratione blanditiis accusantium ipsum.','Eum repellat quasi repellendus iste iure et.','Eos molestias sed recusandae sequi.',unistr('8113 Amanda Islands\u000aSmithfurt, MD 27827-0921'),unistr('6298 Cooper Hills\u000aWest Raquelport, CT 51866'),'culpa','Eius quas odio eius praesentium assumenda. Et iure magni sint corrupti voluptas. Expedita ut dolorum est et. Aut delectus aut eum non maxime molestiae earum hic.',NULL,'2026-03-11 15:15:28','2026-03-11 15:15:28',1);
INSERT INTO user_profile VALUES(7,7,'Dr. Jordon Rippin DDS','Helmer','female','laboriosam','Taper',531866.6400000000139,'1986-10-02 00:00:00','Tuesday 12:43:05','Quigleyberg','et','189','omnis','nulla','maiores','reprehenderit','excepturi','eos','Prof. Maxine Jacobson','Anabel Price','single','Ratione cumque expedita sed.','Et repellat impedit quia et.','Alias qui tenetur ad aperiam nemo vel.',unistr('774 Johns Dale Apt. 973\u000aNew Roman, OK 50925'),unistr('18764 Stracke Parks\u000aWuckertfurt, CT 77748-1322'),'omnis','Cumque officiis optio ipsam. Ex itaque ducimus architecto eligendi consectetur et molestiae. Omnis vel ratione illum aut esse. Ducimus consequatur earum odit dolor eligendi facere harum.',NULL,'2026-03-11 15:15:28','2026-03-11 15:15:28',1);
INSERT INTO user_profile VALUES(8,8,'Odell Harvey','Dino','female','occaecati','Insulation Installer',1993253.340000000083,'1994-01-10 00:00:00','Friday 21:48:09','Gibsonstad','voluptatum','186','odit','est','libero','nihil','dolor','labore','Andre Reinger','Alyson Greenfelder','widowed','Maiores eos officia aut reiciendis quo eum vitae.','Non laudantium voluptates est aliquam nulla.','Nisi est dolores adipisci voluptas voluptatum.',unistr('39429 Ellie Keys Apt. 742\u000aRodriguezshire, MA 42619'),unistr('168 Mollie River\u000aGeraldport, RI 13518'),'perspiciatis','Nihil omnis dolorem magni distinctio earum velit vel. Velit autem dolorum saepe natus cupiditate quae ut.',NULL,'2026-03-11 15:15:28','2026-03-11 15:15:28',1);
INSERT INTO user_profile VALUES(9,9,'Telly Denesik','Reggie','female','voluptatum','Insurance Investigator',1592257.689999999945,'1997-05-04 00:00:00','Friday 02:32:36','Jeromyborough','a','186','atque','laboriosam','sint','minus','quis','magni','Cleve Metz Jr.','Danielle Kihn V','married','Velit quia laudantium hic totam praesentium.','Ducimus perferendis a totam et non.','Dolores aliquid non quos rem dolor.',unistr('13379 Harley Way\u000aErnestinaside, PA 58171'),unistr('94167 Boyle Loop Suite 367\u000aAnissatown, GA 80139'),'sunt','Aut inventore ratione et sed ad excepturi officiis qui. Nisi quasi dolor magnam earum quos laborum quibusdam. Quis maxime numquam sit doloremque perferendis error.',NULL,'2026-03-11 15:15:28','2026-03-11 15:15:28',1);
INSERT INTO user_profile VALUES(10,10,'Pedro Smitham','Aric','male','consectetur','Motorboat Operator',575325.0999999999768,'1994-03-19 00:00:00','Wednesday 03:02:45','Jonathonberg','dolorem','193','nobis','maxime','corporis','quaerat','aut','tenetur','Rashawn Zulauf','Miss Rosanna Koelpin','single','Rerum eos et amet deleniti numquam inventore quaerat.','Tempore porro error consequuntur aliquam.','Cumque voluptatem mollitia odit id quam impedit.',unistr('4209 Braden Flat Apt. 883\u000aWest Andersonton, NC 74794-4556'),unistr('54627 Keshaun Bridge Suite 516\u000aWest Shanieville, CT 29545'),'maiores','Possimus aut nobis velit. Officia eos est eos nemo. Veritatis magni quia dolores molestias aut.',NULL,'2026-03-11 15:15:28','2026-03-11 15:15:28',1);
INSERT INTO user_profile VALUES(11,11,'Serena McGlynn III','Alva','male','et','Mathematical Technician',974589.729999999982,'2001-01-03 00:00:00','Tuesday 00:13:36','Kihnshire','officiis','143','harum','voluptate','ratione','laboriosam','iusto','accusamus','Titus Jaskolski','Mrs. Kellie Runolfsson V','single','Nulla non repudiandae voluptatum consequatur reiciendis provident provident.','Qui totam labore mollitia enim dolor labore voluptatem saepe.','Quia culpa minus voluptate blanditiis voluptas qui nemo.',unistr('471 Schamberger Gateway\u000aSouth Kenyachester, TX 36498'),unistr('7835 Prohaska Wall\u000aSouth Mittie, FL 80606-7688'),'sed','Soluta iure saepe quos deleniti assumenda similique. Ratione quasi tempora officiis modi. Qui non commodi consequatur nesciunt maxime. Quam corrupti delectus sit illum minima.',NULL,'2026-03-11 15:15:29','2026-03-11 15:15:29',1);
INSERT INTO user_profile VALUES(12,12,'Enos Schaden','Jovani','female','ut','Telecommunications Line Installer',2555421.870000000111,'1993-10-31 00:00:00','Friday 04:04:30','West Cooper','tenetur','142','ipsa','voluptatibus','impedit','laborum','nihil','maiores','Judah Prosacco','Dr. Alberta Ledner Jr.','divorced','Quas earum quas atque voluptas incidunt non.','Optio adipisci autem culpa esse recusandae.','Repellendus quibusdam dolor sequi provident.',unistr('13769 Janae Pike Suite 912\u000aPort Grantberg, MS 73979-5446'),unistr('3964 Gutkowski Summit Suite 176\u000aEast Yasminmouth, IL 14390'),'et','Perspiciatis rem quis qui rerum. Sint doloribus error accusantium consequatur earum assumenda. Perferendis quae aut est ut et.',NULL,'2026-03-11 15:15:29','2026-03-11 15:15:29',1);
INSERT INTO user_profile VALUES(13,13,'John Flows','Bon Jlows','female','asfasf','fasf',8787877,'2026-03-05 00:00:00','asdfas','dasdasdasd','asfa','455','4545','asdasfasf','asf','sfas','fasfa','sfas','sgweg','ewgewrg','Single','ewrgew','rgewrgew','rg','gwerg','ggwergw','ergwerg','ewrg',NULL,'2026-03-11 15:21:16','2026-03-11 16:11:38',2);
INSERT INTO user_profile VALUES(14,14,'John Bro','asd','female','asdasd','asdasd',454545,'2026-03-09 00:00:00','asdasd','asd','asd','1231','1241','dasda','asdasda','asdasd','asdas','sdasdasd','asdasd','asdasd','Single','asdasd','asdasd','asda','asdasd','asdasd','asdad','asdasdasdasdasdsdasd',NULL,'2026-03-13 14:10:21','2026-03-13 14:17:01',3);
INSERT INTO user_profile VALUES(15,15,'jonny','jone','male','asd','asd',41451,'1414-12-14 00:00:00','asd','asd','asd','12','121','asd','asd','asd','asd','asd','asd','asd','Divorced','asd','sd','asd','asd','asd','asd','asd',NULL,'2026-03-13 17:42:09','2026-03-13 17:44:39',3);
INSERT INTO user_profile VALUES(16,16,'Demo','demo','female','demo','demo',999999,'2026-03-16 00:00:00','demo','demo','demo','165','demo','demo','demo','demo','demo','demo','demo','demo','Single','demo','demo','demo','demo','demo','demo demo','demo',NULL,'2026-03-15 08:06:26','2026-03-15 08:09:14',1);
CREATE TABLE IF NOT EXISTS "edit_user_profiles" ("id" integer primary key autoincrement not null, "user_id" integer not null, "full_name" varchar, "navras_naav" varchar, "gender" varchar, "education" varchar, "occupation" varchar, "annual_income" numeric, "date_of_birth" date, "day_and_time_of_birth" varchar, "place_of_birth" varchar, "jaath" varchar, "height_cm__Oonchi" varchar, "skin_complexion__Rang" varchar, "zodiac_sign__Raas" varchar, "naadi" varchar, "gann" varchar, "devak" varchar, "kul_devata" varchar, "fathers_name" varchar, "mothers_name" varchar, "marital_status" varchar, "siblings" varchar, "uncles" varchar, "aunts" varchar, "mumbai_address" text, "village_address" text, "village_farm" varchar, "naathe_relationships" text, "status" varchar check ("status" in ('pending', 'approved', 'rejected')) not null default 'pending', "created_at" datetime, "updated_at" datetime, foreign key("user_id") references "users"("id") on delete cascade);
PRAGMA writable_schema=ON;
CREATE TABLE IF NOT EXISTS sqlite_sequence(name,seq);
DELETE FROM sqlite_sequence;
INSERT INTO sqlite_sequence VALUES('migrations',6);
INSERT INTO sqlite_sequence VALUES('users',16);
INSERT INTO sqlite_sequence VALUES('user_profile',16);
INSERT INTO sqlite_sequence VALUES('edit_user_profiles',5);
CREATE UNIQUE INDEX "users_email_unique" on "users" ("email");
CREATE UNIQUE INDEX "users_phone_number_unique" on "users" ("phone_number");
CREATE UNIQUE INDEX "users_username_unique" on "users" ("username");
CREATE INDEX "sessions_user_id_index" on "sessions" ("user_id");
CREATE INDEX "sessions_last_activity_index" on "sessions" ("last_activity");
CREATE INDEX "cache_expiration_index" on "cache" ("expiration");
CREATE INDEX "cache_locks_expiration_index" on "cache_locks" ("expiration");
CREATE INDEX "jobs_queue_index" on "jobs" ("queue");
CREATE UNIQUE INDEX "failed_jobs_uuid_unique" on "failed_jobs" ("uuid");
PRAGMA writable_schema=OFF;
COMMIT;
